{"graph": {"_type": "graph-file", "sha256": "3cfd3642df0a03c05cd555fe0086c02a3a11856ae537dd4f648a5d6ca27e4f41", "size": 1124, "path": "media/graph/graph_summary_3cfd3642df0a03c05cd5.graph.json"}, "epoch": 999, "_timestamp": 1682571708.8484511, "loss": 5.584616661071777, "val_loss": 61.17275619506836, "_runtime": 125.37793922424316, "_step": 999, "best_val_loss": 19.641847610473633, "best_epoch": 7, "_wandb": {"runtime": 127}}