{"graph": {"_type": "graph-file", "sha256": "3cfd3642df0a03c05cd555fe0086c02a3a11856ae537dd4f648a5d6ca27e4f41", "size": 1124, "path": "media/graph/graph_summary_3cfd3642df0a03c05cd5.graph.json"}, "epoch": 999, "_timestamp": 1682569277.8498912, "loss": 9.136037826538086, "val_loss": 52.11383819580078, "_runtime": 123.50969815254211, "_step": 999, "best_val_loss": 19.44053840637207, "best_epoch": 45, "_wandb": {"runtime": 125}}