{"graph": {"_type": "graph-file", "sha256": "3cfd3642df0a03c05cd555fe0086c02a3a11856ae537dd4f648a5d6ca27e4f41", "size": 1124, "path": "media/graph/graph_summary_3cfd3642df0a03c05cd5.graph.json"}, "epoch": 999, "_timestamp": 1682570419.0657852, "loss": 5.9013991355896, "val_loss": 55.007694244384766, "_runtime": 114.49669122695923, "_step": 999, "best_val_loss": 19.577749252319336, "best_epoch": 0, "_wandb": {"runtime": 115}}