{"graph": {"_type": "graph-file", "sha256": "3cfd3642df0a03c05cd555fe0086c02a3a11856ae537dd4f648a5d6ca27e4f41", "size": 1124, "path": "media/graph/graph_summary_3cfd3642df0a03c05cd5.graph.json"}, "epoch": 999, "_timestamp": 1682607010.971443, "loss": 4.615683078765869, "val_loss": 59.309879302978516, "_runtime": 114.2205159664154, "_step": 999, "best_val_loss": 19.602575302124023, "best_epoch": 0, "_wandb": {"runtime": 114}}