{"graph": {"_type": "graph-file", "sha256": "3cfd3642df0a03c05cd555fe0086c02a3a11856ae537dd4f648a5d6ca27e4f41", "size": 1124, "path": "media/graph/graph_summary_3cfd3642df0a03c05cd5.graph.json"}, "epoch": 999, "_timestamp": 1682569078.99906, "loss": 6.7743072509765625, "val_loss": 61.91773223876953, "_runtime": 125.27496600151062, "_step": 999, "best_val_loss": 19.804784774780273, "best_epoch": 3, "_wandb": {"runtime": 126}}