{"graph": {"_type": "graph-file", "sha256": "3cfd3642df0a03c05cd555fe0086c02a3a11856ae537dd4f648a5d6ca27e4f41", "size": 1124, "path": "media/graph/graph_summary_3cfd3642df0a03c05cd5.graph.json"}, "epoch": 999, "_timestamp": 1682571141.877375, "loss": 6.434360980987549, "val_loss": 67.1982192993164, "_runtime": 122.1310498714447, "_step": 999, "best_val_loss": 19.645177841186523, "best_epoch": 3, "_wandb": {"runtime": 123}}