{"graph": {"_type": "graph-file", "sha256": "3cfd3642df0a03c05cd555fe0086c02a3a11856ae537dd4f648a5d6ca27e4f41", "size": 1124, "path": "media/graph/graph_summary_3cfd3642df0a03c05cd5.graph.json"}, "epoch": 999, "_timestamp": 1682568847.501361, "loss": 6.214670658111572, "val_loss": 51.25715255737305, "_runtime": 115.45239877700806, "_step": 999, "best_val_loss": 19.69476890563965, "best_epoch": 0, "_wandb": {"runtime": 117}}