{"graph": {"_type": "graph-file", "sha256": "3cfd3642df0a03c05cd555fe0086c02a3a11856ae537dd4f648a5d6ca27e4f41", "size": 1124, "path": "media/graph/graph_summary_3cfd3642df0a03c05cd5.graph.json"}, "epoch": 999, "_timestamp": 1682607236.5844, "loss": 5.6445417404174805, "val_loss": 64.5375747680664, "_runtime": 113.77357196807861, "_step": 999, "best_val_loss": 19.719573974609375, "best_epoch": 0, "_wandb": {"runtime": 115}}