{"graph": {"_type": "graph-file", "sha256": "3cfd3642df0a03c05cd555fe0086c02a3a11856ae537dd4f648a5d6ca27e4f41", "size": 1124, "path": "media/graph/graph_summary_3cfd3642df0a03c05cd5.graph.json"}, "epoch": 499, "_timestamp": 1682608243.3533309, "loss": 11.85249137878418, "val_loss": 57.26565933227539, "_runtime": 71.25181293487549, "_step": 499, "best_val_loss": 18.20448875427246, "best_epoch": 3, "_wandb": {"runtime": 72}}