{"graph": {"_type": "graph-file", "sha256": "3cfd3642df0a03c05cd555fe0086c02a3a11856ae537dd4f648a5d6ca27e4f41", "size": 1124, "path": "media/graph/graph_summary_3cfd3642df0a03c05cd5.graph.json"}, "epoch": 999, "_timestamp": 1682606286.488666, "loss": 6.182065486907959, "val_loss": 57.58357238769531, "_runtime": 121.45798897743225, "_step": 999, "best_val_loss": 19.65753936767578, "best_epoch": 1, "_wandb": {"runtime": 122}}