{"graph": {"_type": "graph-file", "sha256": "3cfd3642df0a03c05cd555fe0086c02a3a11856ae537dd4f648a5d6ca27e4f41", "size": 1124, "path": "media/graph/graph_summary_3cfd3642df0a03c05cd5.graph.json"}, "epoch": 499, "_timestamp": 1682607399.8149061, "loss": 12.510308265686035, "val_loss": 63.111263275146484, "_runtime": 73.4110062122345, "_step": 499, "best_val_loss": 19.718299865722656, "best_epoch": 3, "_wandb": {"runtime": 74}}