{"graph": {"_type": "graph-file", "sha256": "3cfd3642df0a03c05cd555fe0086c02a3a11856ae537dd4f648a5d6ca27e4f41", "size": 1124, "path": "media/graph/graph_summary_3cfd3642df0a03c05cd5.graph.json"}, "epoch": 999, "_timestamp": 1682571979.575267, "loss": 6.382963180541992, "val_loss": 63.01987838745117, "_runtime": 124.32314610481262, "_step": 999, "best_val_loss": 19.598918914794922, "best_epoch": 105, "_wandb": {"runtime": 125}}