{"graph": {"_type": "graph-file", "sha256": "3cfd3642df0a03c05cd555fe0086c02a3a11856ae537dd4f648a5d6ca27e4f41", "size": 1124, "path": "media/graph/graph_summary_3cfd3642df0a03c05cd5.graph.json"}, "epoch": 999, "_timestamp": 1682570949.545234, "loss": 5.867714881896973, "val_loss": 52.086463928222656, "_runtime": 112.23921799659729, "_step": 999, "best_val_loss": 19.743545532226562, "best_epoch": 0, "_wandb": {"runtime": 113}}