{"epoch": 999, "_timestamp": 1682561703.350061, "loss": 6.1719183921813965, "val_loss": 65.47997283935547, "_runtime": 743.2347228527069, "_step": 999}