{"graph": {"_type": "graph-file", "sha256": "4ddb276c7994e4ad0bb79d12445041e1f479ee8a8d6c8031c3cb3e7818845294", "size": 942, "path": "media/graph/graph_summary_4ddb276c7994e4ad0bb7.graph.json"}, "epoch": 13, "_timestamp": 1682632972.464114, "loss": 7.314666748046875, "val_loss": 39.92951583862305, "_runtime": 16.596426963806152, "_step": 13, "best_val_loss": 1.4826664924621582, "best_epoch": 3, "_wandb": {"runtime": 16}}