{"graph": {"_type": "graph-file", "sha256": "9d22cb62050d9b30d09a832484c0168c84b8a02e69c31a2fc3176ce0ba0c260a", "size": 1179, "path": "media/graph/graph_summary_9d22cb62050d9b30d09a.graph.json"}, "epoch": 11, "_timestamp": 1682560849.1363552, "loss": 126.62967681884766, "val_loss": 127.681884765625, "_runtime": 102.46941709518433, "_step": 11, "best_val_loss": 127.681884765625, "best_epoch": 11}