,Mean Squared Error,Mean Absolute Error,Root Mean Square Error,R-squared
0,1.3639187672504547,0.7214445112165341,1.1678693279859929,0.017810345508080694
