,Mean Squared Error,Mean Absolute Error,Root Mean Square Error,R-squared
0,80.72065556141712,6.966299101642278,8.98446746120309,-3.206030508566643
