,Mean Squared Error,Mean Absolute Error,Root Mean Square Error,R-squared
0,57.26566351636759,5.822121276684994,7.567407978718181,-2.193491874915927
