,Mean Squared Error,Mean Absolute Error,Root Mean Square Error,R-squared
0,1.5024332466270696,0.7846268251090602,1.2257378376419117,-0.03633151631973419
