,Mean Squared Error,Mean Absolute Error,Root Mean Square Error,R-squared
0,70.49799283997197,6.339318723879128,8.396308286382293,-2.6333437590387523
