,Mean Squared Error,Mean Absolute Error,Root Mean Square Error,R-squared
0,1.9323624146745715,0.9432832895316811,1.3900943905629473,-0.3143457754630463
