,Mean Squared Error,Mean Absolute Error,Root Mean Square Error,R-squared
0,93.39313257698988,6.469528061485736,9.664012240109688,-3.8133193828078342
