,Mean Squared Error,Mean Absolute Error,Root Mean Square Error,R-squared
0,65.12045178641162,5.374332683689801,8.069724393460511,-2.631524039031183
