{"graph": {"_type": "graph-file", "sha256": "3cfd3642df0a03c05cd555fe0086c02a3a11856ae537dd4f648a5d6ca27e4f41", "size": 1124, "path": "media/graph/graph_summary_3cfd3642df0a03c05cd5.graph.json"}, "epoch": 499, "_timestamp": 1682607595.020473, "loss": 11.533124923706055, "val_loss": 70.49799346923828, "_runtime": 68.6593849658966, "_step": 499, "best_val_loss": 19.65751838684082, "best_epoch": 0, "_wandb": {"runtime": 69}}